Vreme logovanja:,Tip log podatka:,Poruka:                                                                                            .
Thursday, September 23, 2021 9:50:06 PM,INFO,Aplikacija je pocela sa radom.
Thursday, September 23, 2021 9:50:06 PM,INFO,Zatrazeni svi nazivi drzava iz baze.
Thursday, September 23, 2021 9:53:02 PM,INFO,Zatrazeni podaci iz baze o drzavi sa nazivom: Serbia                                                                                              .
Thursday, September 23, 2021 9:56:15 PM,INFO,Zatrazeni svi nazivi drzava iz baze.
Thursday, September 23, 2021 9:56:18 PM,INFO,Zatrazeni podaci iz baze o drzavi sa nazivom: Serbia                                                                                              .
Thursday, September 23, 2021 10:01:31 PM,INFO,Aplikacija je pocela sa radom.
Thursday, September 23, 2021 10:01:32 PM,INFO,Zatrazeni svi nazivi drzava iz baze.
Thursday, September 23, 2021 10:01:49 PM,INFO,Zatrazeni podaci iz baze o drzavi sa nazivom: Serbia                                                                                              .
Thursday, September 23, 2021 10:02:49 PM,INFO,Zatrazeni svi nazivi drzava iz baze.
Thursday, September 23, 2021 10:02:56 PM,INFO,Zatrazeni podaci iz baze o drzavi sa nazivom: Serbia                                                                                              .
Thursday, September 23, 2021 10:06:05 PM,INFO,Aplikacija je pocela sa radom.
Thursday, September 23, 2021 10:06:06 PM,INFO,Zatrazeni svi nazivi drzava iz baze.
Thursday, September 23, 2021 10:06:16 PM,INFO,Zatrazeni podaci iz baze o drzavi sa nazivom: Serbia                                                                                              .
Thursday, September 23, 2021 10:08:26 PM,INFO,Aplikacija je pocela sa radom.
Thursday, September 23, 2021 10:08:27 PM,INFO,Zatrazeni svi nazivi drzava iz baze.
Thursday, September 23, 2021 10:09:07 PM,INFO,Zatrazeni podaci iz baze o drzavi sa nazivom: Serbia                                                                                              .
Thursday, September 23, 2021 10:12:00 PM,INFO,Aplikacija je pocela sa radom.
Thursday, September 23, 2021 10:12:01 PM,INFO,Zatrazeni svi nazivi drzava iz baze.
Thursday, September 23, 2021 10:18:58 PM,INFO,Aplikacija je pocela sa radom.
Thursday, September 23, 2021 10:18:59 PM,INFO,Zatrazeni svi nazivi drzava iz baze.
Thursday, September 23, 2021 10:35:56 PM,INFO,Aplikacija je pocela sa radom.
Thursday, September 23, 2021 10:35:57 PM,INFO,Zatrazeni svi nazivi drzava iz baze.
Thursday, September 23, 2021 10:37:44 PM,INFO,Aplikacija je pocela sa radom.
Thursday, September 23, 2021 10:37:44 PM,INFO,Zatrazeni svi nazivi drzava iz baze.
Friday, September 24, 2021 2:10:02 AM,INFO,Aplikacija je pocela sa radom.
Friday, September 24, 2021 2:10:04 AM,INFO,Zatrazeni svi nazivi drzava iz baze.
Friday, September 24, 2021 2:13:16 AM,INFO,Aplikacija je pocela sa radom.
Friday, September 24, 2021 2:13:18 AM,INFO,Zatrazeni svi nazivi drzava iz baze.
Friday, September 24, 2021 2:18:14 AM,INFO,Aplikacija je pocela sa radom.
Friday, September 24, 2021 2:18:15 AM,INFO,Zatrazeni svi nazivi drzava iz baze.
Friday, September 24, 2021 6:02:02 PM,INFO,Aplikacija je pocela sa radom.
Friday, September 24, 2021 6:02:02 PM,INFO,Zatrazeni svi nazivi drzava iz baze.
Friday, September 24, 2021 6:08:15 PM,INFO,Aplikacija je pocela sa radom.
Friday, September 24, 2021 6:08:16 PM,INFO,Zatrazeni svi nazivi drzava iz baze.
Friday, September 24, 2021 6:12:08 PM,INFO,Aplikacija je pocela sa radom.
Friday, September 24, 2021 6:12:08 PM,INFO,Zatrazeni svi nazivi drzava iz baze.
Friday, September 24, 2021 6:15:23 PM,INFO,Aplikacija je pocela sa radom.
Friday, September 24, 2021 6:15:24 PM,INFO,Zatrazeni svi nazivi drzava iz baze.
Friday, September 24, 2021 6:18:28 PM,INFO,Aplikacija je pocela sa radom.
Friday, September 24, 2021 6:18:29 PM,INFO,Zatrazeni svi nazivi drzava iz baze.
Friday, September 24, 2021 6:19:56 PM,INFO,Aplikacija je pocela sa radom.
Friday, September 24, 2021 6:19:56 PM,INFO,Zatrazeni svi nazivi drzava iz baze.
Friday, September 24, 2021 6:21:10 PM,INFO,Aplikacija je pocela sa radom.
Friday, September 24, 2021 6:21:11 PM,INFO,Zatrazeni svi nazivi drzava iz baze.
Friday, September 24, 2021 6:31:18 PM,INFO,Aplikacija je pocela sa radom.
Friday, September 24, 2021 6:31:18 PM,INFO,Zatrazeni svi nazivi drzava iz baze.
Friday, September 24, 2021 6:59:08 PM,INFO,Aplikacija je pocela sa radom.
Friday, September 24, 2021 6:59:08 PM,INFO,Zatrazeni svi nazivi drzava iz baze.
Friday, September 24, 2021 7:03:01 PM,INFO,Aplikacija je pocela sa radom.
Friday, September 24, 2021 7:03:01 PM,INFO,Zatrazeni svi nazivi drzava iz baze.
Friday, September 24, 2021 7:08:35 PM,INFO,Aplikacija je pocela sa radom.
Friday, September 24, 2021 7:08:35 PM,INFO,Zatrazeni svi nazivi drzava iz baze.
Friday, September 24, 2021 7:52:50 PM,INFO,Aplikacija je pocela sa radom.
Friday, September 24, 2021 7:52:50 PM,INFO,Zatrazeni svi nazivi drzava iz baze.
Saturday, September 25, 2021 2:31:07 PM,INFO,Aplikacija je pocela sa radom.
Saturday, September 25, 2021 2:31:08 PM,INFO,Zatrazeni svi nazivi drzava iz baze.
Saturday, September 25, 2021 3:01:21 PM,INFO,Aplikacija je pocela sa radom.
Saturday, September 25, 2021 3:01:22 PM,INFO,Zatrazeni svi nazivi drzava iz baze.
Saturday, September 25, 2021 3:08:03 PM,INFO,Aplikacija je pocela sa radom.
Saturday, September 25, 2021 3:08:04 PM,INFO,Zatrazeni svi nazivi drzava iz baze.
Saturday, September 25, 2021 3:11:47 PM,INFO,Aplikacija je pocela sa radom.
Saturday, September 25, 2021 3:11:48 PM,INFO,Zatrazeni svi nazivi drzava iz baze.
Saturday, September 25, 2021 3:15:35 PM,INFO,Aplikacija je pocela sa radom.
Saturday, September 25, 2021 3:15:35 PM,INFO,Zatrazeni svi nazivi drzava iz baze.
Saturday, September 25, 2021 3:21:25 PM,INFO,Aplikacija je pocela sa radom.
Saturday, September 25, 2021 3:21:25 PM,INFO,Zatrazeni svi nazivi drzava iz baze.
Saturday, September 25, 2021 3:30:13 PM,INFO,Aplikacija je pocela sa radom.
Saturday, September 25, 2021 3:30:13 PM,INFO,Zatrazeni svi nazivi drzava iz baze.
Saturday, September 25, 2021 3:47:31 PM,INFO,Aplikacija je pocela sa radom.
Saturday, September 25, 2021 3:47:32 PM,INFO,Zatrazeni svi nazivi drzava iz baze.
Saturday, September 25, 2021 3:51:12 PM,INFO,Aplikacija je pocela sa radom.
Saturday, September 25, 2021 3:51:13 PM,INFO,Zatrazeni svi nazivi drzava iz baze.
Saturday, September 25, 2021 3:55:25 PM,INFO,Aplikacija je pocela sa radom.
Saturday, September 25, 2021 3:55:25 PM,INFO,Zatrazeni svi nazivi drzava iz baze.
Saturday, September 25, 2021 3:57:48 PM,INFO,Zatrazeni svi nazivi drzava iz baze.
Saturday, September 25, 2021 3:58:03 PM,INFO,Zatrazeni podaci iz baze o drzavi sa nazivom: Serbia                                                                                              .
Saturday, September 25, 2021 6:17:37 PM,INFO,Aplikacija je pocela sa radom.
Saturday, September 25, 2021 6:17:38 PM,INFO,Zatrazeni svi nazivi drzava iz baze.
Saturday, September 25, 2021 6:17:48 PM,INFO,Zatrazeni podaci iz baze o drzavi sa nazivom: Serbia                                                                                              .
Saturday, September 25, 2021 6:19:06 PM,INFO,Aplikacija je pocela sa radom.
Saturday, September 25, 2021 6:19:07 PM,INFO,Zatrazeni svi nazivi drzava iz baze.
Saturday, September 25, 2021 6:19:19 PM,INFO,Zatrazeni podaci iz baze o drzavi sa nazivom: Serbia                                                                                              .
Saturday, September 25, 2021 7:20:57 PM,INFO,Aplikacija je pocela sa radom.
Saturday, September 25, 2021 7:20:58 PM,INFO,Zatrazeni svi nazivi drzava iz baze.
Saturday, September 25, 2021 7:33:56 PM,INFO,Zatrazeni podaci iz baze o drzavi sa nazivom: Serbia                                                                                              .
Thursday, May 5, 2011 12:00:00 AM,INFO,Poruka
Sunday, September 26, 2021 7:01:29 PM,INFO,Zatrazeni svi nazivi drzava.
Sunday, September 26, 2021 7:02:13 PM,INFO,Zatrazeno kratko ime drzave za pun naziv:
Sunday, September 26, 2021 7:04:10 PM,INFO,Zatrazeni svi nazivi drzava.
Sunday, September 26, 2021 7:04:22 PM,INFO,Zatrazeno kratko ime drzave za pun naziv:
Sunday, September 26, 2021 7:05:59 PM,INFO,Zatrazeni svi nazivi drzava.
Sunday, September 26, 2021 7:08:40 PM,INFO,Zatrazeni svi nazivi drzava.
Sunday, September 26, 2021 7:09:46 PM,INFO,Zatrazeni svi nazivi drzava.
Sunday, September 26, 2021 7:10:10 PM,INFO,Zatrazeno kratko ime drzave za pun naziv:Spain
Sunday, September 26, 2021 7:10:19 PM,INFO,Dodata drzava:Spain
Sunday, September 26, 2021 7:12:08 PM,INFO,Zatrazeni svi nazivi drzava.
Sunday, September 26, 2021 7:12:17 PM,INFO,Zatrazeno kratko ime drzave za pun naziv:Spain
Sunday, September 26, 2021 7:12:23 PM,INFO,Dodata drzava:Spain
Sunday, September 26, 2021 7:14:47 PM,INFO,Zatrazeni svi nazivi drzava.
Sunday, September 26, 2021 7:15:16 PM,INFO,Zatrazeno kratko ime drzave za pun naziv:Bulgaria
Sunday, September 26, 2021 7:15:16 PM,INFO,Dodata drzava:Bulgaria
Sunday, September 26, 2021 7:22:06 PM,INFO,Zatrazeni svi nazivi drzava.
Sunday, September 26, 2021 7:22:25 PM,INFO,Zatrazeni svi nazivi drzava.
Sunday, September 26, 2021 7:23:01 PM,INFO,Zatrazeni podaci za drzavu: Serbia                                                                                              
Sunday, September 26, 2021 7:28:22 PM,INFO,Zatrazeni svi nazivi drzava.
Sunday, September 26, 2021 7:29:17 PM,INFO,Zatrazeni svi nazivi drzava.
Sunday, September 26, 2021 7:29:35 PM,INFO,Zatrazeni svi nazivi drzava.
Sunday, September 26, 2021 7:30:12 PM,INFO,Zatrazeni svi nazivi drzava.
Sunday, September 26, 2021 7:30:53 PM,INFO,Zatrazeni svi nazivi drzava.
Sunday, September 26, 2021 7:31:11 PM,INFO,Zatrazeni svi nazivi drzava.
Sunday, September 26, 2021 7:31:17 PM,INFO,Zatrazeni svi nazivi drzava.
Sunday, September 26, 2021 7:32:21 PM,INFO,Zatrazeni svi nazivi drzava.
Sunday, September 26, 2021 7:32:30 PM,INFO,Zatrazeni svi nazivi drzava.
Sunday, September 26, 2021 7:32:57 PM,INFO,Zatrazeni svi nazivi drzava.
Sunday, September 26, 2021 7:33:18 PM,INFO,Zatrazeni svi nazivi drzava.
Sunday, September 26, 2021 7:33:50 PM,INFO,Zatrazeni svi nazivi drzava.
Sunday, September 26, 2021 7:46:08 PM,ERROR,Greska prilikom eksporta, nisu prosledjeni podaci
Sunday, September 26, 2021 7:46:08 PM,ERROR,Greska prilikom eksporta, nisu prosledjeni podaci
Sunday, September 26, 2021 7:46:17 PM,INFO,Zatrazeno kratko ime drzave za pun naziv:Serbia
Sunday, September 26, 2021 7:46:23 PM,INFO,Dodato 5 entiteta podataka o potrosnji za drzavu:Serbia
Sunday, September 26, 2021 7:46:23 PM,INFO,Dodato 2 entiteta podataka o vremenu za drzavu:Serbia
Sunday, September 26, 2021 7:46:23 PM,ERROR,Nije prosledjen naziv drzave
Sunday, September 26, 2021 7:46:23 PM,ERROR,Nije prosledjen naziv drzave
Sunday, September 26, 2021 7:46:23 PM,ERROR,Nije prosledjen validan fajl
Sunday, September 26, 2021 7:46:23 PM,INFO,Zatrazeno kratko ime drzave za pun naziv:Serbia
Sunday, September 26, 2021 7:46:23 PM,INFO,Dodato 5 entiteta podataka o potrosnji za drzavu:Serbia
Sunday, September 26, 2021 7:46:23 PM,ERROR,Nije prosledjen naziv drzave
Sunday, September 26, 2021 7:46:23 PM,ERROR,Nije prosledjen naziv drzave
Sunday, September 26, 2021 7:46:23 PM,ERROR,Nije prosledjen validan fajl
Sunday, September 26, 2021 7:46:23 PM,INFO,Dodato 2 entiteta podataka o vremenu za drzavu:Serbia
Sunday, September 26, 2021 7:46:31 PM,ERROR,Greska prilikom konverzije
Thursday, May 5, 2011 12:00:00 AM,INFO,Poruka
Sunday, September 26, 2021 7:47:05 PM,ERROR,Greska prilikom eksporta, nisu prosledjeni podaci
Sunday, September 26, 2021 7:47:05 PM,ERROR,Greska prilikom eksporta, nisu prosledjeni podaci
Sunday, September 26, 2021 7:47:05 PM,INFO,Zatrazeno kratko ime drzave za pun naziv:Serbia
Sunday, September 26, 2021 7:47:10 PM,INFO,Dodato 5 entiteta podataka o potrosnji za drzavu:Serbia
Sunday, September 26, 2021 7:47:10 PM,INFO,Dodato 2 entiteta podataka o vremenu za drzavu:Serbia
Sunday, September 26, 2021 7:47:10 PM,ERROR,Nije prosledjen naziv drzave
Sunday, September 26, 2021 7:47:10 PM,ERROR,Nije prosledjen naziv drzave
Sunday, September 26, 2021 7:47:10 PM,ERROR,Nije prosledjen validan fajl
Sunday, September 26, 2021 7:47:10 PM,INFO,Zatrazeno kratko ime drzave za pun naziv:Serbia
Sunday, September 26, 2021 7:47:10 PM,INFO,Dodato 5 entiteta podataka o potrosnji za drzavu:Serbia
Sunday, September 26, 2021 7:47:10 PM,ERROR,Nije prosledjen naziv drzave
Sunday, September 26, 2021 7:47:10 PM,ERROR,Nije prosledjen naziv drzave
Sunday, September 26, 2021 7:47:10 PM,ERROR,Nije prosledjen validan fajl
Sunday, September 26, 2021 7:47:10 PM,INFO,Dodato 2 entiteta podataka o vremenu za drzavu:Serbia
Sunday, September 26, 2021 7:47:10 PM,ERROR,Greska prilikom konverzije
Thursday, May 5, 2011 12:00:00 AM,INFO,Poruka
Sunday, September 26, 2021 7:49:08 PM,ERROR,Greska prilikom eksporta, nisu prosledjeni podaci
Sunday, September 26, 2021 7:49:09 PM,ERROR,Greska prilikom eksporta, nisu prosledjeni podaci
Sunday, September 26, 2021 7:49:09 PM,INFO,Zatrazeno kratko ime drzave za pun naziv:Serbia
Sunday, September 26, 2021 7:49:14 PM,INFO,Dodato 5 entiteta podataka o potrosnji za drzavu:Serbia
Sunday, September 26, 2021 7:49:14 PM,INFO,Dodato 2 entiteta podataka o vremenu za drzavu:Serbia
Sunday, September 26, 2021 7:49:14 PM,ERROR,Nije prosledjen naziv drzave
Sunday, September 26, 2021 7:49:14 PM,ERROR,Nije prosledjen naziv drzave
Sunday, September 26, 2021 7:49:14 PM,ERROR,Nije prosledjen validan fajl
Sunday, September 26, 2021 7:49:14 PM,INFO,Zatrazeno kratko ime drzave za pun naziv:Serbia
Sunday, September 26, 2021 7:49:14 PM,INFO,Dodato 5 entiteta podataka o potrosnji za drzavu:Serbia
Sunday, September 26, 2021 7:49:14 PM,ERROR,Nije prosledjen naziv drzave
Sunday, September 26, 2021 7:49:14 PM,ERROR,Nije prosledjen naziv drzave
Sunday, September 26, 2021 7:49:14 PM,ERROR,Nije prosledjen validan fajl
Sunday, September 26, 2021 7:49:14 PM,INFO,Dodato 2 entiteta podataka o vremenu za drzavu:Serbia
Sunday, September 26, 2021 7:49:14 PM,ERROR,Greska prilikom konverzije
Thursday, May 5, 2011 12:00:00 AM,INFO,Poruka
Sunday, September 26, 2021 7:50:40 PM,ERROR,Greska prilikom eksporta, nisu prosledjeni podaci
Sunday, September 26, 2021 7:50:40 PM,ERROR,Greska prilikom eksporta, nisu prosledjeni podaci
Sunday, September 26, 2021 7:50:41 PM,INFO,Zatrazeno kratko ime drzave za pun naziv:Serbia
Sunday, September 26, 2021 7:50:45 PM,INFO,Dodato 5 entiteta podataka o potrosnji za drzavu:Serbia
Sunday, September 26, 2021 7:50:46 PM,INFO,Dodato 2 entiteta podataka o vremenu za drzavu:Serbia
Sunday, September 26, 2021 7:50:46 PM,ERROR,Nije prosledjen naziv drzave
Sunday, September 26, 2021 7:50:46 PM,ERROR,Nije prosledjen naziv drzave
Sunday, September 26, 2021 7:50:46 PM,ERROR,Nije prosledjen validan fajl
Sunday, September 26, 2021 7:50:46 PM,INFO,Zatrazeno kratko ime drzave za pun naziv:Serbia
Sunday, September 26, 2021 7:50:46 PM,INFO,Dodato 5 entiteta podataka o potrosnji za drzavu:Serbia
Sunday, September 26, 2021 7:50:46 PM,ERROR,Nije prosledjen naziv drzave
Sunday, September 26, 2021 7:50:46 PM,ERROR,Nije prosledjen naziv drzave
Sunday, September 26, 2021 7:50:46 PM,ERROR,Nije prosledjen validan fajl
Sunday, September 26, 2021 7:50:46 PM,INFO,Dodato 2 entiteta podataka o vremenu za drzavu:Serbia
Sunday, September 26, 2021 7:50:46 PM,ERROR,Greska prilikom konverzije
Thursday, May 5, 2011 12:00:00 AM,INFO,Poruka
Sunday, September 26, 2021 7:54:30 PM,ERROR,Greska prilikom eksporta, nisu prosledjeni podaci
Sunday, September 26, 2021 7:54:30 PM,ERROR,Greska prilikom eksporta, nisu prosledjeni podaci
Sunday, September 26, 2021 7:54:31 PM,INFO,Zatrazeno kratko ime drzave za pun naziv:Serbia
Sunday, September 26, 2021 7:54:35 PM,INFO,Dodato 5 entiteta podataka o potrosnji za drzavu:Serbia
Sunday, September 26, 2021 7:54:36 PM,INFO,Dodato 2 entiteta podataka o vremenu za drzavu:Serbia
Sunday, September 26, 2021 7:54:36 PM,ERROR,Nije prosledjen naziv drzave
Sunday, September 26, 2021 7:54:36 PM,ERROR,Nije prosledjen naziv drzave
Sunday, September 26, 2021 7:54:36 PM,ERROR,Nije prosledjen validan fajl
Sunday, September 26, 2021 7:54:36 PM,INFO,Zatrazeno kratko ime drzave za pun naziv:Serbia
Sunday, September 26, 2021 7:54:36 PM,INFO,Dodato 5 entiteta podataka o potrosnji za drzavu:Serbia
Sunday, September 26, 2021 7:54:36 PM,ERROR,Nije prosledjen naziv drzave
Sunday, September 26, 2021 7:54:36 PM,ERROR,Nije prosledjen naziv drzave
Sunday, September 26, 2021 7:54:36 PM,ERROR,Nije prosledjen validan fajl
Sunday, September 26, 2021 7:54:36 PM,INFO,Dodato 2 entiteta podataka o vremenu za drzavu:Serbia
Sunday, September 26, 2021 7:54:36 PM,ERROR,Greska prilikom konverzije
Thursday, May 5, 2011 12:00:00 AM,INFO,Poruka
Sunday, September 26, 2021 7:55:37 PM,ERROR,Greska prilikom eksporta, nisu prosledjeni podaci
Sunday, September 26, 2021 7:55:37 PM,ERROR,Greska prilikom eksporta, nisu prosledjeni podaci
Sunday, September 26, 2021 7:55:38 PM,INFO,Zatrazeno kratko ime drzave za pun naziv:Serbia
Sunday, September 26, 2021 7:55:43 PM,INFO,Dodato 5 entiteta podataka o potrosnji za drzavu:Serbia
Sunday, September 26, 2021 7:55:43 PM,INFO,Dodato 2 entiteta podataka o vremenu za drzavu:Serbia
Sunday, September 26, 2021 7:55:43 PM,ERROR,Nije prosledjen naziv drzave
Sunday, September 26, 2021 7:55:43 PM,ERROR,Nije prosledjen naziv drzave
Sunday, September 26, 2021 7:55:43 PM,ERROR,Nije prosledjen validan fajl
Sunday, September 26, 2021 7:55:43 PM,INFO,Zatrazeno kratko ime drzave za pun naziv:Serbia
Sunday, September 26, 2021 7:55:43 PM,INFO,Dodato 5 entiteta podataka o potrosnji za drzavu:Serbia
Sunday, September 26, 2021 7:55:43 PM,ERROR,Nije prosledjen naziv drzave
Sunday, September 26, 2021 7:55:43 PM,ERROR,Nije prosledjen naziv drzave
Sunday, September 26, 2021 7:55:43 PM,ERROR,Nije prosledjen validan fajl
Sunday, September 26, 2021 7:55:43 PM,INFO,Dodato 2 entiteta podataka o vremenu za drzavu:Serbia
Sunday, September 26, 2021 7:55:43 PM,ERROR,Greska prilikom konverzije
Thursday, May 5, 2011 12:00:00 AM,INFO,Poruka
Sunday, September 26, 2021 7:57:26 PM,ERROR,Greska prilikom eksporta, nisu prosledjeni podaci
Sunday, September 26, 2021 7:57:26 PM,ERROR,Greska prilikom eksporta, nisu prosledjeni podaci
Sunday, September 26, 2021 7:57:26 PM,INFO,Zatrazeno kratko ime drzave za pun naziv:Serbia
Sunday, September 26, 2021 7:57:31 PM,INFO,Dodato 5 entiteta podataka o potrosnji za drzavu:Serbia
Sunday, September 26, 2021 7:57:31 PM,INFO,Dodato 2 entiteta podataka o vremenu za drzavu:Serbia
Sunday, September 26, 2021 7:57:31 PM,ERROR,Nije prosledjen naziv drzave
Sunday, September 26, 2021 7:57:31 PM,ERROR,Nije prosledjen naziv drzave
Sunday, September 26, 2021 7:57:31 PM,ERROR,Nije prosledjen validan fajl
Sunday, September 26, 2021 7:57:31 PM,INFO,Zatrazeno kratko ime drzave za pun naziv:Serbia
Sunday, September 26, 2021 7:57:31 PM,INFO,Dodato 5 entiteta podataka o potrosnji za drzavu:Serbia
Sunday, September 26, 2021 7:57:31 PM,ERROR,Nije prosledjen naziv drzave
Sunday, September 26, 2021 7:57:31 PM,ERROR,Nije prosledjen naziv drzave
Sunday, September 26, 2021 7:57:31 PM,ERROR,Nije prosledjen validan fajl
Sunday, September 26, 2021 7:57:31 PM,INFO,Dodato 2 entiteta podataka o vremenu za drzavu:Serbia
Sunday, September 26, 2021 7:57:31 PM,ERROR,Greska prilikom konverzije
Thursday, May 5, 2011 12:00:00 AM,INFO,Poruka
Sunday, September 26, 2021 21:22:27,INFO,Zatrazeni svi nazivi drzava.
Sunday, September 26, 2021 21:24:17,INFO,Zatrazeni svi nazivi drzava.
Sunday, September 26, 2021 21:24:44,INFO,Zatrazeno kratko ime drzave za pun naziv:France
Sunday, September 26, 2021 21:24:44,INFO,Dodata drzava:France
Sunday, September 26, 2021 21:25:14,INFO,Zatrazeni svi nazivi drzava.
Sunday, September 26, 2021 21:26:20,INFO,Zatrazeno kratko ime drzave za pun naziv:France
Sunday, September 26, 2021 21:26:53,INFO,Dodato 314 entiteta podataka o potrosnji za drzavu:France
Sunday, September 26, 2021 21:26:54,ERROR,Greska prilikom importa
Sunday, September 26, 2021 21:27:25,INFO,Zatrazeno kratko ime drzave za pun naziv:France
Sunday, September 26, 2021 21:27:29,INFO,Zatrazeno kratko ime drzave za pun naziv:France
Sunday, September 26, 2021 21:28:06,INFO,Dodato 314 entiteta podataka o potrosnji za drzavu:France
Sunday, September 26, 2021 21:28:08,ERROR,Greska prilikom importa
Sunday, September 26, 2021 21:28:11,INFO,Dodato 314 entiteta podataka o potrosnji za drzavu:France
Sunday, September 26, 2021 21:28:12,ERROR,Greska prilikom importa
Sunday, September 26, 2021 21:28:37,INFO,Zatrazeno kratko ime drzave za pun naziv:Serbia
Sunday, September 26, 2021 21:29:14,INFO,Dodato 314 entiteta podataka o potrosnji za drzavu:Serbia
Sunday, September 26, 2021 21:29:15,ERROR,Greska prilikom importa
Sunday, September 26, 2021 21:33:11,INFO,Zatrazeni svi nazivi drzava.
Sunday, September 26, 2021 21:46:19,INFO,Zatrazeno kratko ime drzave za pun naziv:Greece
Sunday, September 26, 2021 21:46:19,INFO,Dodata drzava:Greece
Sunday, September 26, 2021 21:46:23,INFO,Zatrazeni svi nazivi drzava.
Sunday, September 26, 2021 21:49:47,INFO,Zatrazeno kratko ime drzave za pun naziv:Greece
Sunday, September 26, 2021 21:50:20,INFO,Dodato 74 entiteta podataka o potrosnji za drzavu:Greece
Sunday, September 26, 2021 21:50:21,INFO,Dodato 143 entiteta podataka o vremenu za drzavu:Greece
Sunday, September 26, 2021 21:52:41,INFO,Zatrazeni podaci za drzavu: Greece                                                                                              
Sunday, September 26, 2021 22:00:12,ERROR,Greska prilikom eksporta, nisu prosledjeni podaci
Sunday, September 26, 2021 22:00:12,ERROR,Greska prilikom eksporta, nisu prosledjeni podaci
Sunday, September 26, 2021 22:00:12,INFO,Zatrazeno kratko ime drzave za pun naziv:Serbia
Sunday, September 26, 2021 22:01:17,ERROR,Nije prosledjen naziv drzave
Sunday, September 26, 2021 22:01:17,ERROR,Nije prosledjen naziv drzave
Sunday, September 26, 2021 22:01:17,ERROR,Nije prosledjen validan fajl
Sunday, September 26, 2021 22:01:17,INFO,Zatrazeno kratko ime drzave za pun naziv:Serbia
Sunday, September 26, 2021 22:01:48,ERROR,Nije prosledjen naziv drzave
Sunday, September 26, 2021 22:01:48,ERROR,Nije prosledjen naziv drzave
Sunday, September 26, 2021 22:01:48,ERROR,Nije prosledjen validan fajl
Sunday, September 26, 2021 22:01:48,ERROR,Greska prilikom konverzije
Thursday, May 5, 2011 00:00:00,INFO,Poruka
Sunday, September 26, 2021 22:10:07,ERROR,Greska prilikom eksporta, nisu prosledjeni podaci
Sunday, September 26, 2021 22:10:07,ERROR,Greska prilikom eksporta, nisu prosledjeni podaci
Sunday, September 26, 2021 22:10:07,INFO,Zatrazeno kratko ime drzave za pun naziv:Serbia
Sunday, September 26, 2021 22:10:10,INFO,Dodato 5 entiteta podataka o potrosnji za drzavu:Serbia
Sunday, September 26, 2021 22:10:10,INFO,Dodato 2 entiteta podataka o vremenu za drzavu:Serbia
Sunday, September 26, 2021 22:10:10,ERROR,Nije prosledjen naziv drzave
Sunday, September 26, 2021 22:10:10,ERROR,Nije prosledjen naziv drzave
Sunday, September 26, 2021 22:10:10,ERROR,Nije prosledjen validan fajl
Sunday, September 26, 2021 22:10:10,INFO,Zatrazeno kratko ime drzave za pun naziv:Serbia
Sunday, September 26, 2021 22:10:10,INFO,Dodato 5 entiteta podataka o potrosnji za drzavu:Serbia
Sunday, September 26, 2021 22:10:10,ERROR,Nije prosledjen naziv drzave
Sunday, September 26, 2021 22:10:10,ERROR,Nije prosledjen naziv drzave
Sunday, September 26, 2021 22:10:10,ERROR,Nije prosledjen validan fajl
Sunday, September 26, 2021 22:10:10,INFO,Dodato 2 entiteta podataka o vremenu za drzavu:Serbia
Sunday, September 26, 2021 22:10:10,ERROR,Greska prilikom konverzije
Thursday, May 5, 2011 00:00:00,INFO,Poruka
Sunday, September 26, 2021 23:27:22,ERROR,Greska prilikom eksporta, nisu prosledjeni podaci
Sunday, September 26, 2021 23:27:44,ERROR,Greska prilikom eksporta, nisu prosledjeni podaci
Sunday, September 26, 2021 23:27:45,ERROR,Greska prilikom eksporta, nisu prosledjeni podaci
Sunday, September 26, 2021 23:27:45,INFO,Zatrazeno kratko ime drzave za pun naziv:Serbia
Sunday, September 26, 2021 23:27:48,INFO,Dodato 5 entiteta podataka o potrosnji za drzavu:Serbia
Sunday, September 26, 2021 23:27:48,INFO,Dodato 2 entiteta podataka o vremenu za drzavu:Serbia
Sunday, September 26, 2021 23:27:48,ERROR,Nije prosledjen naziv drzave
Sunday, September 26, 2021 23:27:48,ERROR,Nije prosledjen naziv drzave
Sunday, September 26, 2021 23:27:48,ERROR,Nije prosledjen validan fajl
Sunday, September 26, 2021 23:27:48,INFO,Zatrazeno kratko ime drzave za pun naziv:Serbia
Sunday, September 26, 2021 23:27:48,INFO,Dodato 5 entiteta podataka o potrosnji za drzavu:Serbia
Sunday, September 26, 2021 23:27:48,ERROR,Nije prosledjen naziv drzave
Sunday, September 26, 2021 23:27:48,ERROR,Nije prosledjen naziv drzave
Sunday, September 26, 2021 23:27:48,ERROR,Nije prosledjen validan fajl
Sunday, September 26, 2021 23:27:48,INFO,Dodato 2 entiteta podataka o vremenu za drzavu:Serbia
Sunday, September 26, 2021 23:27:48,ERROR,Greska prilikom konverzije
Thursday, May 5, 2011 00:00:00,INFO,Poruka
Monday, September 27, 2021 02:51:00,INFO,Zatrazeni svi nazivi drzava.
Monday, September 27, 2021 02:51:00,INFO,Zatrazeno kratko ime drzave za pun naziv:Greece
Monday, September 27, 2021 02:54:07,INFO,Zatrazeni svi nazivi drzava.
Monday, September 27, 2021 02:54:12,INFO,Zatrazeno kratko ime drzave za pun naziv:France
Monday, September 27, 2021 02:54:12,INFO,Dodata drzava:France
Monday, September 27, 2021 02:54:27,INFO,Zatrazeni svi nazivi drzava.
Monday, September 27, 2021 02:56:23,INFO,Zatrazeno kratko ime drzave za pun naziv:Greece
Monday, September 27, 2021 02:57:04,INFO,Dodato 314 entiteta podataka o potrosnji za drzavu:Greece
Monday, September 27, 2021 02:57:13,INFO,Dodato 624 entiteta podataka o vremenu za drzavu:Greece
Monday, September 27, 2021 03:00:22,INFO,Zatrazeno kratko ime drzave za pun naziv:Spain
Monday, September 27, 2021 03:00:22,INFO,Dodata drzava:Spain
Monday, September 27, 2021 03:03:45,INFO,Zatrazeni podaci za drzavu: Greece                                                                                              
Monday, September 27, 2021 03:12:31,ERROR,Greska prilikom eksporta, nisu prosledjeni podaci
Monday, September 27, 2021 03:12:31,ERROR,Greska prilikom eksporta, nisu prosledjeni podaci
Monday, September 27, 2021 03:12:31,INFO,Zatrazeno kratko ime drzave za pun naziv:Serbia
Monday, September 27, 2021 03:12:34,INFO,Dodato 5 entiteta podataka o potrosnji za drzavu:Serbia
Monday, September 27, 2021 03:12:34,INFO,Dodato 2 entiteta podataka o vremenu za drzavu:Serbia
Monday, September 27, 2021 03:12:34,ERROR,Nije prosledjen naziv drzave
Monday, September 27, 2021 03:12:34,ERROR,Nije prosledjen naziv drzave
Monday, September 27, 2021 03:12:34,ERROR,Nije prosledjen validan fajl
Monday, September 27, 2021 03:12:34,INFO,Zatrazeno kratko ime drzave za pun naziv:Serbia
Monday, September 27, 2021 03:12:34,INFO,Dodato 5 entiteta podataka o potrosnji za drzavu:Serbia
Monday, September 27, 2021 03:12:34,ERROR,Nije prosledjen naziv drzave
Monday, September 27, 2021 03:12:34,ERROR,Nije prosledjen naziv drzave
Monday, September 27, 2021 03:12:34,ERROR,Nije prosledjen validan fajl
Monday, September 27, 2021 03:12:34,INFO,Dodato 2 entiteta podataka o vremenu za drzavu:Serbia
Monday, September 27, 2021 03:12:34,ERROR,Greska prilikom konverzije
Thursday, May 5, 2011 00:00:00,INFO,Poruka
Monday, September 27, 2021 03:12:51,ERROR,Greska prilikom eksporta, nisu prosledjeni podaci
Monday, September 27, 2021 03:12:51,ERROR,Greska prilikom eksporta, nisu prosledjeni podaci
Monday, September 27, 2021 03:12:51,INFO,Zatrazeno kratko ime drzave za pun naziv:Serbia
Monday, September 27, 2021 03:12:54,INFO,Dodato 5 entiteta podataka o potrosnji za drzavu:Serbia
Monday, September 27, 2021 03:12:54,INFO,Dodato 2 entiteta podataka o vremenu za drzavu:Serbia
Monday, September 27, 2021 03:12:54,ERROR,Nije prosledjen naziv drzave
Monday, September 27, 2021 03:12:54,ERROR,Nije prosledjen naziv drzave
Monday, September 27, 2021 03:12:54,ERROR,Nije prosledjen validan fajl
Monday, September 27, 2021 03:12:54,INFO,Zatrazeno kratko ime drzave za pun naziv:Serbia
Monday, September 27, 2021 03:12:54,INFO,Dodato 5 entiteta podataka o potrosnji za drzavu:Serbia
Monday, September 27, 2021 03:12:54,ERROR,Nije prosledjen naziv drzave
Monday, September 27, 2021 03:12:54,ERROR,Nije prosledjen naziv drzave
Monday, September 27, 2021 03:12:54,ERROR,Nije prosledjen validan fajl
Monday, September 27, 2021 03:12:54,INFO,Dodato 2 entiteta podataka o vremenu za drzavu:Serbia
Monday, September 27, 2021 03:12:54,ERROR,Greska prilikom konverzije
Thursday, May 5, 2011 00:00:00,INFO,Poruka
Monday, September 27, 2021 07:08:16,INFO,Zatrazeni svi nazivi drzava.
Monday, September 27, 2021 07:09:07,INFO,Zatrazeno kratko ime drzave za pun naziv:Bulgaria
Monday, September 27, 2021 07:09:07,INFO,Dodata drzava:Bulgaria
Monday, September 27, 2021 07:10:06,INFO,Zatrazeno kratko ime drzave za pun naziv:Greece
Monday, September 27, 2021 07:10:38,INFO,Dodato 50 entiteta podataka o potrosnji za drzavu:Greece
Monday, September 27, 2021 07:10:40,INFO,Dodato 96 entiteta podataka o vremenu za drzavu:Greece
Monday, September 27, 2021 07:10:45,INFO,Zatrazeni podaci za drzavu: Greece                                                                                              
Monday, September 27, 2021 07:10:49,INFO,Zatrazeni podaci za drzavu: France                                                                                              
Monday, September 27, 2021 09:07:53,INFO,Zatrazeni svi nazivi drzava.
Monday, September 27, 2021 09:08:17,INFO,Zatrazeno kratko ime drzave za pun naziv:Italy
Monday, September 27, 2021 09:08:17,INFO,Dodata drzava:Italy
Monday, September 27, 2021 09:08:32,INFO,Zatrazeni svi nazivi drzava.
Monday, September 27, 2021 09:09:45,INFO,Zatrazeno kratko ime drzave za pun naziv:Greece
Monday, September 27, 2021 09:10:20,INFO,Dodato 218 entiteta podataka o potrosnji za drzavu:Greece
Monday, September 27, 2021 09:10:26,INFO,Dodato 427 entiteta podataka o vremenu za drzavu:Greece
Monday, September 27, 2021 09:10:41,INFO,Zatrazeni podaci za drzavu: Greece                                                                                              
Monday, September 27, 2021 09:10:42,INFO,Zatrazeno kratko ime drzave za pun naziv:Greece
Monday, September 27, 2021 09:11:17,INFO,Dodato 218 entiteta podataka o potrosnji za drzavu:Greece
Monday, September 27, 2021 09:11:23,INFO,Dodato 427 entiteta podataka o vremenu za drzavu:Greece
Monday, September 27, 2021 09:17:34,INFO,Zatrazeni svi nazivi drzava.
Monday, September 27, 2021 09:20:13,INFO,Zatrazeno kratko ime drzave za pun naziv:France
Monday, September 27, 2021 09:20:21,INFO,Zatrazeno kratko ime drzave za pun naziv:France
Monday, September 27, 2021 09:20:56,INFO,Dodato 314 entiteta podataka o potrosnji za drzavu:France
Monday, September 27, 2021 09:29:10,ERROR,Greska prilikom eksporta, nisu prosledjeni podaci
Monday, September 27, 2021 09:29:10,ERROR,Greska prilikom eksporta, nisu prosledjeni podaci
Monday, September 27, 2021 09:29:10,INFO,Zatrazeno kratko ime drzave za pun naziv:Serbia
Monday, September 27, 2021 09:29:13,INFO,Dodato 5 entiteta podataka o potrosnji za drzavu:Serbia
Monday, September 27, 2021 09:29:13,INFO,Dodato 2 entiteta podataka o vremenu za drzavu:Serbia
Monday, September 27, 2021 09:29:13,ERROR,Nije prosledjen naziv drzave
Monday, September 27, 2021 09:29:13,ERROR,Nije prosledjen naziv drzave
Monday, September 27, 2021 09:29:13,ERROR,Nije prosledjen validan fajl
Monday, September 27, 2021 09:29:13,INFO,Zatrazeno kratko ime drzave za pun naziv:Serbia
Monday, September 27, 2021 09:29:13,INFO,Dodato 5 entiteta podataka o potrosnji za drzavu:Serbia
Monday, September 27, 2021 09:29:13,ERROR,Nije prosledjen naziv drzave
Monday, September 27, 2021 09:29:13,ERROR,Nije prosledjen naziv drzave
Monday, September 27, 2021 09:29:13,ERROR,Nije prosledjen validan fajl
Monday, September 27, 2021 09:29:13,INFO,Dodato 2 entiteta podataka o vremenu za drzavu:Serbia
Monday, September 27, 2021 09:29:13,ERROR,Greska prilikom konverzije
Thursday, May 5, 2011 00:00:00,INFO,Poruka
Wednesday, August 30, 2023 12:58:12 PM,INFO,Zatrazeni svi nazivi drzava.
